accession,contig
ERR1135185,Contig_53845_8.97778
ERR1135185,Contig_148581_9.80649
ERR1135185,Contig_52100_5.88924
ERR1135185,Contig_142697_9.70779
ERR1135185,Contig_109129_10.4536
ERR1135185,Contig_73507_8.38638
ERR1135185,Contig_60265_9.65989
ERR1135185,Contig_85060_7.42612
ERR1135379,Contig_145523_18.555
ERR1135382,Contig_133886_12.6596
ERR1135388,Contig_137550_11.4471
ERR1190619,Contig_99845_3.62934
ERR1293798,Contig_46290_9.30208
ERR1293798,Contig_36225_9.33435
ERR1293798,Contig_21820_7.55986
ERR1293798,Contig_33072_9.49924
ERR1293798,Contig_43564_7.21185
ERR1293799,Contig_53605_9.06307
ERR1293799,Contig_36495_9.04422
ERR1293799,Contig_25592_6.5473
ERR1293799,Contig_31822_7.16473
ERR1293800,Contig_36957_9.60714
ERR1293800,Contig_26649_7.90909
ERR1293800,Contig_70139_8.0347
ERR1293800,Contig_63484_8.35414
ERR1293800,Contig_63034_9.101
ERR1293801,Contig_32624_9.77536
ERR1293801,Contig_35422_9.34908
ERR1293801,Contig_53700_9.90657
ERR1293801,Contig_72073_7.73859
ERR1293801,Contig_12629_6.40705
ERR1293801,Contig_31824_7.13062
ERR1293801,Contig_43926_8.37783
ERR1293834,Contig_54430_6.56283
ERR1293834,Contig_46578_6.95899
ERR1293834,Contig_54239_5.94074
ERR1293835,Contig_53958_6.62212
ERR1293835,Contig_68385_8.94102
ERR1293835,Contig_20930_7.80637
ERR1293835,Contig_53677_8.41635
ERR1293836,Contig_69225_7.60378
ERR1293836,Contig_910_7.83369
ERR1293836,Contig_17710_7.30603
ERR1293836,Contig_44367_9.30891
ERR1293837,Contig_29080_6.31994
ERR1293837,Contig_5147_6.908
ERR1293837,Contig_35973_7.34563
ERR1293837,Contig_41428_6.8979
ERR1301007,Contig_26962_5.80755
ERR1301083,Contig_30860_2.16566
ERR1301161,Contig_8771_3.19549
ERR1301223,Contig_1995_7.36087
ERR1301316,Contig_44_5.94103
ERR1301316,Contig_841_3.11188
ERR1301503,Contig_15247_3.58173
ERR1301585,Contig_11670_2.08377
ERR1301601,Contig_8153_3.35333
ERR1301774,Contig_8489_3.02911
ERR1301859,Contig_6112_5.07809
ERR1398107,Contig_37097_5.09354
ERR1398107,Contig_96986_5.68002
ERR1430462,Contig_7490_7.08833
ERR1543945,Contig_14978_139.158
ERR1543980,Contig_26543_4.82412
ERR1600578,Contig_140385_4.92374
ERR1600752,Contig_24387_4.89397
ERR1600752,Contig_51679_3.64953
ERR1600752,Contig_53042_4.12598
ERR1711620,Contig_63647_17.2554
ERR1766290,Contig_41031_10.9961
ERR1766290,Contig_13990_9.70165
ERR1766290,Contig_69593_9.58296
ERR1766290,Contig_40321_8.075
ERR1766290,Contig_76818_10.6786
ERR1766290,Contig_53094_9.67629
ERR1766290,Contig_63531_8.53927
ERR1766290,Contig_53635_10.6169
ERR1766291,Contig_31806_13.4
ERR1766291,Contig_28858_6.10924
ERR1766291,Contig_59747_6.02194
ERR1766291,Contig_3627_4.79538
ERR1766291,Contig_53766_9.37759
ERR1766291,Contig_10855_8.36831
ERR1766291,Contig_27850_7.93415
ERR1766291,Contig_53552_8.02357
ERR1766291,Contig_54319_4.03483
ERR1766292,Contig_1563_11.2772
ERR1766292,Contig_15085_8.80806
ERR1766292,Contig_39802_14.3938
ERR1766292,Contig_7503_5.50226
ERR1766292,Contig_46014_10.9712
ERR1766292,Contig_29093_8.13529
ERR1766293,Contig_26709_3.66135
ERR1766293,Contig_10847_6.38603
ERR1766293,Contig_40428_5.62487
ERR1766293,Contig_54293_5.84974
ERR1766293,Contig_43525_5.41892
ERR1766293,Contig_38038_3.94468
ERR1766293,Contig_55102_5.2684
ERR1766293,Contig_7303_5.92366
ERR1766293,Contig_26659_5.44106
ERR1766293,Contig_19942_4.76754
ERR1766293,Contig_19623_5.11834
ERR1766294,Contig_23213_5.3452
ERR1766294,Contig_27087_6.40503
ERR1766294,Contig_54763_10.3089
ERR1766294,Contig_46307_8.66355
ERR1766294,Contig_67576_7.84675
ERR1766294,Contig_31392_11.5484
ERR1766294,Contig_52877_7.43939
ERR1766294,Contig_57949_5.64304
ERR1766295,Contig_68596_14.3596
ERR1766295,Contig_33707_11.1659
ERR1916320,Contig_8163_4.88298
ERR1916320,Contig_10853_6.74627
ERR1916320,Contig_10011_6.40714
ERR1916320,Contig_10899_5.22388
ERR1916320,Contig_23596_4.79063
ERR1916320,Contig_26620_5.98693
ERR1916321,Contig_22960_5.93689
ERR1916321,Contig_22284_4.76681
ERR1916322,Contig_7718_5.72247
ERR1916322,Contig_5199_6.08832
ERR1916323,Contig_7775_7.3377
ERR1916323,Contig_17397_3.89202
ERR1916323,Contig_16886_4.68893
ERR1916323,Contig_16799_4.68612
ERR1916324,Contig_12859_4.4171
ERR1916324,Contig_18535_4.55929
ERR1916324,Contig_13941_5.25659
ERR1916325,Contig_13178_4.87389
ERR1916325,Contig_9355_3.64298
ERR1916325,Contig_14489_4.48339
ERR1916325,Contig_15481_4.40571
ERR1916326,Contig_13799_7.23153
ERR1916327,Contig_16757_5.125
ERR1916327,Contig_24352_4.14789
ERR1916327,Contig_26707_5.583
ERR1916327,Contig_8340_5.36792
ERR1916328,Contig_27906_5.24906
ERR1916328,Contig_11112_5.89216
ERR1916328,Contig_12013_5.43408
ERR1916328,Contig_12048_4.63529
ERR1916328,Contig_14820_4.95914
ERR1916329,Contig_20345_5.19421
ERR1916329,Contig_27413_7.98088
ERR1916329,Contig_12365_5.16346
ERR1916329,Contig_24009_5.45565
ERR1916330,Contig_25020_4.60842
ERR1916330,Contig_9611_5.49791
ERR1916331,Contig_25783_6.637
ERR1916331,Contig_19189_5.99671
ERR1916331,Contig_139_4.8764
ERR1916331,Contig_24998_5.74436
ERR1916331,Contig_22851_5.31667
ERR1916331,Contig_17775_5.15887
ERR1916332,Contig_18278_6.49123
ERR1916332,Contig_26167_5.70412
ERR1916332,Contig_26013_4.07371
ERR1916332,Contig_10703_5.97024
ERR1916332,Contig_11871_5.76961
ERR1916333,Contig_10498_5.52819
ERR1916333,Contig_8041_4.54815
ERR1916333,Contig_17131_4.74922
ERR1916333,Contig_19043_5.4377
ERR1916333,Contig_12222_5.40662
ERR1916333,Contig_30894_5.3451
ERR1916334,Contig_22971_4.18487
ERR1916334,Contig_12278_5.99476
ERR1916336,Contig_23137_4.63907
ERR1916336,Contig_4313_5.86833
ERR1916336,Contig_18519_3.12044
ERR1916336,Contig_28_4.59011
ERR1916336,Contig_17006_3.96246
ERR1916338,Contig_23557_6.05102
ERR1916338,Contig_15674_6.89011
ERR1916338,Contig_12396_4.96933
ERR1916339,Contig_24796_5.12908
ERR1916339,Contig_19470_6.24619
ERR1916339,Contig_21587_5.38517
ERR1916339,Contig_3829_5.93415
ERR1916339,Contig_21917_4.60101
ERR1916340,Contig_16716_5.53723
ERR1916340,Contig_24556_2.64253
ERR1916340,Contig_15473_7.03499
ERR1916341,Contig_13196_5.28895
ERR1916341,Contig_14498_4.93227
ERR1916342,Contig_23739_5.6828
ERR1916342,Contig_12776_3.46125
ERR1916342,Contig_17786_3.61224
ERR1916343,Contig_19345_6.08594
ERR1916343,Contig_13162_5.84919
ERR1916343,Contig_7771_4.41467
ERR1916343,Contig_10302_3.87715
ERR1916343,Contig_24742_4.73929
ERR1950666,Contig_109190_30.7076
ERR1950666,Contig_26879_3.75
ERR1950672,Contig_61170_35.2058
ERR1950672,Contig_125846_39.9177
ERR1950672,Contig_54297_39
ERR2001077,Contig_4426_4.69744
ERR2001077,Contig_7902_4.50238
ERR2001077,Contig_4325_4.76515
ERR2001077,Contig_1088_8.55357
ERR2001100,Contig_7744_5.66405
ERR2001100,Contig_2568_3.46637
ERR2001120,Contig_1976_5.38724
ERR2001120,Contig_6223_4.53191
ERR2001120,Contig_8818_10.0859
ERR2017422,Contig_27141_5.47099
ERR2029851,Contig_9864_2.80108
ERR2030125,Contig_1720_19.5506
ERR2030196,Contig_313_11.9814
ERR2217782,Contig_582_3.93509
ERR2217782,Contig_1014_2.67635
ERR2217814,Contig_4422_4.50595
ERR2217814,Contig_3574_4.49718
ERR2217814,Contig_821_5.11839
ERR2217814,Contig_4634_4.0401
ERR2241634,Contig_11376_336.656
ERR2241634,Contig_149677_467.288
ERR2241634,Contig_111967_76.095
ERR2241635,Contig_173392_16.6426
ERR2241635,Contig_155894_4.3431
ERR2241635,Contig_153931_4.29778
ERR2241639,Contig_157998_10.7902
ERR2241639,Contig_59099_82.8456
ERR2241645,Contig_78349_6.27607
ERR2241645,Contig_59472_15.1429
ERR2241645,Contig_135702_5.07143
ERR2241645,Contig_42816_16.5791
ERR2241645,Contig_119727_6.0627
ERR2241645,Contig_9765_9.71793
ERR2241645,Contig_81310_9.81818
ERR2241647,Contig_23710_15.0667
ERR2241647,Contig_54415_13.1966
ERR2241647,Contig_91589_10.1538
ERR2241647,Contig_224922_20.2486
ERR2241647,Contig_60622_8.33808
ERR2241647,Contig_303080_22.207
ERR2241647,Contig_201682_11.7718
ERR2241647,Contig_241666_11.8
ERR2241647,Contig_76661_18.1489
ERR2241649,Contig_14351_4.87629
ERR2241649,Contig_53628_7.00594
ERR2241649,Contig_53612_4.77119
ERR2241649,Contig_23285_3.32619
ERR2241649,Contig_68363_4.85012
ERR2241649,Contig_51931_7.09163
ERR2241651,Contig_159253_28.3223
ERR2241651,Contig_293365_29.7183
ERR2241651,Contig_231117_22.2345
ERR2241651,Contig_45567_4.9181
ERR2241651,Contig_236825_5.73889
ERR2241651,Contig_63416_35.2197
ERR2241651,Contig_283552_3.81185
ERR2241653,Contig_122669_5.95055
ERR2241653,Contig_67783_4.125
ERR2241655,Contig_105213_16.5931
ERR2241655,Contig_89021_14.5258
ERR2241655,Contig_49848_9.16234
ERR2241655,Contig_72668_9.58447
ERR2241655,Contig_71642_24.7101
ERR2241655,Contig_11562_10.9309
ERR2241657,Contig_202262_23.8697
ERR2241657,Contig_368629_17.4481
ERR2241657,Contig_10013_5.40336
ERR2241659,Contig_25752_11.665
ERR2241659,Contig_20677_8.13281
ERR2241659,Contig_82939_25.0928
ERR2241659,Contig_21377_8.68844
ERR2241659,Contig_142616_31.3267
ERR2241659,Contig_129897_9.1341
ERR2241659,Contig_137240_8.80769
ERR2241659,Contig_78101_6.73835
ERR2241664,Contig_126630_8.09184
ERR2241664,Contig_53968_10.8303
ERR2241664,Contig_95458_7.24331
ERR2241665,Contig_69242_1108.5
ERR2241665,Contig_65119_30.4835
ERR2241690,Contig_182250_3.21994
ERR2241691,Contig_51367_761.895
ERR2241694,Contig_50565_5.69485
ERR2241694,Contig_100900_3.82456
ERR2241698,Contig_6602_4.25097
ERR2241701,Contig_28944_178.827
ERR2241701,Contig_37654_183.64
ERR2241701,Contig_146233_188.469
ERR2241701,Contig_52430_179.468
ERR2241701,Contig_114038_184.023
ERR2241702,Contig_4374_181.854
ERR2241728,Contig_141119_9.42289
ERR2241728,Contig_22504_11.6113
ERR2241728,Contig_177336_8.96389
ERR2241728,Contig_172405_34.7555
ERR2241728,Contig_230114_33.2524
ERR2241729,Contig_226880_53.1805
ERR2241729,Contig_119322_13.5449
ERR2241729,Contig_163389_178.03
ERR2241729,Contig_295258_149.438
ERR2241729,Contig_308771_12.078
ERR2241732,Contig_41803_5.607
ERR2241732,Contig_129357_5.13523
ERR2241732,Contig_77383_3.10194
ERR2241732,Contig_121908_4.24719
ERR2241732,Contig_118971_6.80364
ERR2241732,Contig_104461_5.93804
ERR2241732,Contig_116875_6.59447
ERR2241734,Contig_80258_4.32143
ERR2241735,Contig_121647_7.92055
ERR2241735,Contig_128848_9.14189
ERR2241735,Contig_32264_7.26832
ERR2241735,Contig_133061_8.58009
ERR2241735,Contig_96312_8.26
ERR2241735,Contig_37294_6.10381
ERR2241735,Contig_89566_5.73888
ERR2241735,Contig_90128_5.47813
ERR2241735,Contig_36442_3.83254
ERR2241736,Contig_8335_37.8321
ERR2241736,Contig_169322_32.5426
ERR2241736,Contig_98078_29.3491
ERR2241736,Contig_113634_31.1834
ERR2241736,Contig_125445_41.0988
ERR2241736,Contig_112892_35.8182
ERR2241736,Contig_108365_29.7387
ERR2241736,Contig_27455_7.36134
ERR2241736,Contig_141153_29.6939
ERR2241737,Contig_154890_96.6762
ERR2241737,Contig_22239_64.7841
ERR2241737,Contig_73718_75.1855
ERR2241737,Contig_131958_80.4173
ERR2241737,Contig_138089_82.0685
ERR2241737,Contig_38446_73.1762
ERR2241737,Contig_88249_88.3929
ERR2241737,Contig_164303_77.1759
ERR2241737,Contig_58956_72.3939
ERR2241737,Contig_731_93.4474
ERR2241737,Contig_30259_79.6319
ERR2241738,Contig_64283_30.4585
ERR2241738,Contig_75381_19.6194
ERR2241738,Contig_114013_23.121
ERR2241738,Contig_128865_24.7685
ERR2241738,Contig_99500_18.4862
ERR2241738,Contig_15961_34.4505
ERR2241747,Contig_131001_23.8155
ERR2241747,Contig_38188_3.25543
ERR2241754,Contig_74118_21.3376
ERR2241754,Contig_23670_10.3016
ERR2241754,Contig_72813_6.81818
ERR2241756,Contig_102616_224.684
ERR2241756,Contig_138829_162.491
ERR2241756,Contig_81511_238.586
ERR2241756,Contig_108657_175.347
ERR2241756,Contig_52189_220.418
ERR2241756,Contig_138465_291.577
ERR2241756,Contig_2486_270.806
ERR2241759,Contig_124329_18.2199
ERR2241759,Contig_196732_20.2403
ERR2241759,Contig_167171_24.5936
ERR2241759,Contig_68554_21.2995
ERR2241760,Contig_50698_4.0051
ERR2241761,Contig_3946_8.48052
ERR2241765,Contig_89985_8.64427
ERR2241765,Contig_48171_14.7123
ERR2241765,Contig_25302_5.70884
ERR2241765,Contig_105609_9.18714
ERR2241765,Contig_75074_5.16944
ERR2241790,Contig_21433_25.6846
ERR2241790,Contig_133621_13.7797
ERR2241801,Contig_23472_74.0128
ERR2241801,Contig_159902_26.0452
ERR2241801,Contig_60312_24.9008
ERR2241801,Contig_138530_65.534
ERR2241801,Contig_150219_61.8224
ERR2241802,Contig_100540_3.70854
ERR2241802,Contig_56472_3.74595
ERR2241802,Contig_4674_3.54545
ERR2241802,Contig_91963_3.13402
ERR2241806,Contig_47702_5.4886
ERR2241806,Contig_16600_15.7339
ERR2241806,Contig_21531_15.508
ERR2241806,Contig_44666_17.688
ERR2241807,Contig_26698_3.73129
ERR2241808,Contig_99091_44.1512
ERR2241808,Contig_200258_63.2462
ERR2241808,Contig_180766_61.4614
ERR2241808,Contig_176627_71.4933
ERR2241808,Contig_135730_41.687
ERR2241808,Contig_105773_37.7449
ERR2241809,Contig_92981_126.92
ERR2241809,Contig_66152_126.408
ERR2241809,Contig_49789_129.208
ERR2241809,Contig_19717_131.021
ERR2241809,Contig_99242_123.889
ERR2241809,Contig_45005_129.38
ERR2241818,Contig_116958_22.966
ERR2241818,Contig_33834_30.6032
ERR2241818,Contig_2454_17.3139
ERR2241818,Contig_39155_25.2585
ERR2241819,Contig_96051_98.5853
ERR2241819,Contig_19137_82.6839
ERR2241819,Contig_174640_95.6615
ERR2241823,Contig_82191_7.63112
ERR2241823,Contig_24158_6.41727
ERR2241823,Contig_198819_9.375
ERR2241824,Contig_46880_12.5391
ERR2241848,Contig_173200_42.3993
ERR2241848,Contig_26923_33.7745
ERR2241854,Contig_173298_5.77326
ERR2241854,Contig_153914_7.23043
ERR2241854,Contig_222630_7.97845
ERR2241854,Contig_151628_5.82162
ERR2241854,Contig_19054_5.37535
ERR2241854,Contig_128254_5.59683
ERR2241854,Contig_32080_9.71115
ERR2241856,Contig_196369_6.42396
ERR2241856,Contig_1932_3.6014
ERR2241856,Contig_310563_4.11808
ERR2241858,Contig_125827_5.66269
ERR2241861,Contig_53611_6.27347
ERR2241861,Contig_52579_5.875
ERR2241861,Contig_99615_5.52381
ERR2241866,Contig_97692_5.87981
ERR2241866,Contig_71227_4.80102
ERR2241889,Contig_149276_6.87212
ERR2241889,Contig_132664_56.4095
ERR2241889,Contig_178886_52.4312
ERR2241889,Contig_106423_7.65016
ERR2241889,Contig_10206_59.2323
ERR2241889,Contig_9214_65.4328
ERR2241891,Contig_93959_11.342
ERR2241891,Contig_36691_8.0099
ERR2241891,Contig_95475_9.34528
ERR2241893,Contig_24225_9.09557
ERR2241893,Contig_52175_6.44894
ERR2241893,Contig_157040_10.8918
ERR2241894,Contig_15312_34.0298
ERR2241894,Contig_29247_21.3599
ERR2241894,Contig_49949_38.6459
ERR2241894,Contig_24831_106.908
ERR2241894,Contig_5268_84.0647
ERR2241896,Contig_270184_11.8
ERR2241897,Contig_139359_172.028
ERR2241897,Contig_225052_192.652
ERR2241897,Contig_40629_183.519
ERR2241897,Contig_62848_168.426
ERR2241897,Contig_13758_189
ERR2241897,Contig_99881_145.055
ERR2241897,Contig_5332_152.657
ERR2241899,Contig_14393_138.555
ERR2241899,Contig_223686_149.966
ERR2241899,Contig_179540_153.806
ERR2241899,Contig_249175_158.696
ERR2241899,Contig_159216_139.009
ERR2241907,Contig_77000_5.14326
ERR2241907,Contig_96755_5.43578
ERR2241907,Contig_67359_5.56258
ERR2241907,Contig_104783_5.45215
ERR2241907,Contig_29667_4.87074
ERR2241909,Contig_24872_22.7452
ERR2241909,Contig_52146_10.8182
ERR2241909,Contig_110401_20.4089
ERR2241909,Contig_66614_22.5105
ERR2241911,Contig_128332_3.55785
ERR2241911,Contig_99520_4.50177
ERR2241913,Contig_102776_164.831
ERR2241913,Contig_70173_129.834
ERR2241913,Contig_49108_125.64
ERR2241913,Contig_105821_114.446
ERR2241913,Contig_70362_169.947
ERR2241919,Contig_56149_3.62092
ERR2241919,Contig_43886_4.27176
ERR2241919,Contig_22068_3.01282
ERR2241921,Contig_85010_248.274
ERR2241921,Contig_93383_15.8215
ERR2241921,Contig_16927_357.052
ERR2241921,Contig_111485_225.14
ERR2241921,Contig_90405_228.66
ERR2241923,Contig_124868_41.0799
ERR2241923,Contig_88663_36.5662
ERR2241923,Contig_121851_34.678
ERR2241923,Contig_19018_41.1006
ERR2241923,Contig_81147_38.0157
ERR2241923,Contig_56157_42.6627
ERR2241927,Contig_157134_66.7725
ERR2241927,Contig_15643_59.3659
ERR2241927,Contig_147760_63.2387
ERR2241927,Contig_50680_57.2456
ERR2241929,Contig_130057_22.3692
ERR2241929,Contig_56056_185.167
ERR2241929,Contig_167468_83.9974
ERR2241929,Contig_83344_236.39
ERR2241929,Contig_72375_279.297
ERR2241929,Contig_70448_193.023
ERR2241929,Contig_122731_207.28
ERR2241929,Contig_18925_213.362
ERR2241929,Contig_96703_84.477
ERR2241931,Contig_99272_5.78544
ERR2241931,Contig_29200_13.1229
ERR2241931,Contig_33032_10.6752
ERR2241931,Contig_94959_7.2629
ERR2241931,Contig_72782_13.4587
ERR2241931,Contig_20535_10.4823
ERR2241931,Contig_95783_9.24632
ERR2241933,Contig_261425_3.79381
ERR2241933,Contig_172374_6.83588
ERR2241933,Contig_230929_6.93054
ERR2241933,Contig_308893_8.96137
ERR2241933,Contig_312276_10.0996
ERR2241935,Contig_160318_21.5791
ERR2241935,Contig_158135_21.5629
ERR2241935,Contig_252685_16.1756
ERR2241935,Contig_251484_25.372
ERR2241937,Contig_83103_7.00388
ERR2241937,Contig_128541_3.7821
ERR2241939,Contig_158356_3.43644
ERR2241941,Contig_236917_344.836
ERR2241941,Contig_34051_169.525
ERR2241941,Contig_198105_321.454
ERR2241941,Contig_188199_156.391
ERR2241941,Contig_147740_55.3975
ERR2241943,Contig_111681_10.9043
ERR2241943,Contig_18812_4.88442
ERR2241943,Contig_8502_9.07037
ERR2241943,Contig_120933_10.1647
ERR2241943,Contig_19580_8.3284
ERR2241943,Contig_75809_7.3299
ERR2241943,Contig_227694_6.53043
ERR2241943,Contig_150017_4.27083
ERR2241945,Contig_56819_777.257
ERR2241945,Contig_180401_731.82
ERR2241954,Contig_101492_54.6522
ERR2241954,Contig_80565_42.4868
ERR2241954,Contig_133974_46.8651
ERR2241955,Contig_16733_7.53176
ERR2241955,Contig_83938_9.68872
ERR2241955,Contig_120327_6.93586
ERR2241955,Contig_18218_7.63235
ERR2241955,Contig_96201_5.98585
ERR2241955,Contig_56593_4.34989
ERR2241955,Contig_92383_6.24138
ERR2241955,Contig_145460_26.1777
ERR2241955,Contig_1232_7.53863
ERR2241955,Contig_144718_7.17123
ERR2241957,Contig_60439_7.61872
ERR2241978,Contig_81109_37.8355
ERR2241978,Contig_45611_33.3443
ERR2241978,Contig_92457_31.8747
ERR2241978,Contig_80128_65.3709
ERR2241978,Contig_81110_37.1798
ERR2241978,Contig_21817_49.7859
ERR2241978,Contig_52810_34.2186
ERR2241982,Contig_116822_5.683
ERR2241982,Contig_161522_6.39173
ERR2241982,Contig_249481_3.66165
ERR2241982,Contig_168728_3.6831
ERR2241982,Contig_182422_4.2008
ERR2241983,Contig_278534_6.17512
ERR2241983,Contig_303610_4.48966
ERR2241983,Contig_278836_3.60374
ERR2241983,Contig_242088_2.43387
ERR2241983,Contig_277535_4.86622
ERR2241983,Contig_52313_10.3014
ERR2245493,Contig_7668_3.20961
ERR2245494,Contig_56203_4.48848
ERR2245494,Contig_41888_2.58824
ERR2245494,Contig_78287_3.50209
ERR2718556,Contig_6532_3.11254
ERR2718556,Contig_19291_4.70674
ERR2718557,Contig_3680_7.18085
ERR2718557,Contig_18170_3
ERR2718557,Contig_24801_4.35122
ERR2737423,Contig_85578_7.18421
ERR2737423,Contig_50415_9.05605
ERR2737423,Contig_1133_9.70201
ERR2737423,Contig_12922_5.13978
ERR2737423,Contig_88365_7.01855
ERR2737423,Contig_32411_6.71371
ERR2737423,Contig_46958_6.18487
ERR2737423,Contig_75938_6.79442
ERR2737423,Contig_103617_9.44983
ERR2737424,Contig_50060_6.05292
ERR2737424,Contig_13043_2.56398
ERR2737424,Contig_7381_3.72754
ERR2737424,Contig_32427_10.6172
ERR2737424,Contig_85907_3.07229
ERR2737424,Contig_62602_8.26211
ERR2737424,Contig_28133_4.51754
ERR2738111,Contig_31299_2.53425
ERR2738112,Contig_110371_2.56146
ERR2789512,Contig_86453_2.64904
ERR2789515,Contig_53271_8.23843
ERR2789515,Contig_46529_12.8456
ERR2789515,Contig_20297_8.08007
ERR414235,Contig_133523_6.89379
ERR414235,Contig_164491_6.81294
ERR414235,Contig_40494_6.49205
ERR414235,Contig_64722_7.55208
ERR414235,Contig_120548_5.36861
ERR414485,Contig_93717_6.88679
ERR414485,Contig_32922_6.92176
ERR414485,Contig_20863_6.82788
ERR525903,Contig_98690_34.5496
ERR525959,Contig_162004_19.0716
ERR525959,Contig_157076_19.0973
ERR525959,Contig_86092_14.6523
ERR525959,Contig_166886_11.7185
ERR525959,Contig_62399_19.3394
ERR525959,Contig_114829_16.4361
ERR589767,Contig_63177_4.68512
ERR589767,Contig_52644_5.20168
ERR688638,Contig_938_41.8348
ERR866573,Contig_3082_8.65035
ERR866573,Contig_4987_7.04063
ERR866573,Contig_3689_7.12784
ERR866576,Contig_1718_7.58015
ERR866576,Contig_633_8.55117
ERR878227,Contig_114092_11.5768
ERR878227,Contig_51445_5.85174
ERR878227,Contig_123280_6.90208
ERR878227,Contig_37647_6
ERR878227,Contig_52855_12.5935
SRR1162492,Contig_2608_9.92758
SRR1166387,Contig_16315_9.13318
SRR1166387,Contig_24549_10.9423
SRR1166387,Contig_20184_10.7554
SRR1166568,Contig_4833_10.1783
SRR1211456,Contig_14597_4.87422
SRR1211456,Contig_17800_4.62389
SRR1211456,Contig_15333_5.36364
SRR1212148,Contig_18385_5.16667
SRR1212148,Contig_7961_3.66351
SRR1212233,Contig_6098_3.73793
SRR1212776,Contig_14992_3.64679
SRR1212776,Contig_2291_4.83562
SRR1212776,Contig_11257_4.44573
SRR1214532,Contig_2640_2.85882
SRR1214532,Contig_17005_4.23355
SRR1214532,Contig_11394_3.85649
SRR1214976,Contig_7506_4.53723
SRR1214976,Contig_3350_3.92056
SRR1214976,Contig_16692_2.83588
SRR1215603,Contig_5999_4.63922
SRR1215869,Contig_18937_4.79167
SRR1215869,Contig_11697_5.44813
SRR1215954,Contig_5123_3.23232
SRR1215954,Contig_14672_3.69608
SRR1215954,Contig_694_5.00309
SRR1215959,Contig_8_4.00448
SRR1216459,Contig_20106_3.67462
SRR1216459,Contig_8810_4.50475
SRR1219488,Contig_15923_4.36653
SRR1219488,Contig_19392_5.30958
SRR1952284,Contig_8865_10.9025
SRR2226875,Contig_8722_3.74123
SRR2226875,Contig_18372_3.06926
SRR2228219,Contig_17773_3.85306
SRR2228219,Contig_5219_4.21136
SRR2228219,Contig_27484_2.67172
SRR2228422,Contig_19535_5.58088
SRR2228518,Contig_6400_4.22535
SRR2228518,Contig_26608_5.36782
SRR2228543,Contig_8058_3.51628
SRR2228738,Contig_18783_3.58993
SRR2228738,Contig_5529_4.23108
SRR2228738,Contig_28979_4.68354
SRR2244426,Contig_16249_4.51709
SRR2244426,Contig_17980_3.77088
SRR2565818,Contig_56385_2.84513
SRR2565818,Contig_75353_3.99459
SRR2912335,Contig_30916_6.18085
SRR2912335,Contig_22236_4.59487
SRR2912335,Contig_11949_13.0168
SRR2912335,Contig_27515_9.57934
SRR2912335,Contig_8979_9.36384
SRR2912335,Contig_532_16.7656
SRR2912335,Contig_3945_5.93868
SRR2912335,Contig_20016_13.3333
SRR2937621,Contig_30783_7.80265
SRR2937621,Contig_7838_5.89304
SRR2937621,Contig_46722_6.58629
SRR2937621,Contig_50516_9.20899
SRR2937621,Contig_24515_8.31733
SRR2937622,Contig_831_3.752
SRR2938187,Contig_19975_7.6173
SRR2938187,Contig_29440_5.54341
SRR2938187,Contig_13765_7.93007
SRR2938187,Contig_46732_5.66105
SRR2938188,Contig_41177_6.01005
SRR2938188,Contig_19495_4.61842
SRR2938188,Contig_14655_4.52351
SRR2938221,Contig_42526_6.26555
SRR2938221,Contig_625_7.47005
SRR2938232,Contig_3791_16.4618
SRR2938232,Contig_19336_16.9452
SRR2938232,Contig_12796_6.29577
SRR2938506,Contig_14938_4.89496
SRR2938517,Contig_5585_3.9708
SRR2938517,Contig_5888_4.03704
SRR2938517,Contig_4635_4.51294
SRR2938517,Contig_1419_4.72026
SRR3181117,Contig_111569_8.9898
SRR3181117,Contig_4686_9.33553
SRR3181117,Contig_130598_9.36735
SRR3181117,Contig_104152_14.6275
SRR3181117,Contig_10560_11.7721
SRR3181127,Contig_115364_7.29536
SRR3181127,Contig_14653_7.18301
SRR3181127,Contig_25116_7.06928
SRR3181127,Contig_19200_6.86179
SRR3181127,Contig_23530_9.30055
SRR3181127,Contig_74447_9.56542
SRR3181165,Contig_127179_4.02049
SRR3181165,Contig_190401_3.21719
SRR3208460,Contig_353_5.73089
SRR3208460,Contig_4257_4.93168
SRR3208460,Contig_2923_4.41135
SRR3208460,Contig_9034_3.44932
SRR3208460,Contig_10114_3.55155
SRR3208460,Contig_8262_6.92491
SRR3208461,Contig_7237_4.10082
SRR4022189,Contig_57456_36.8068
SRR413571,Contig_42993_90.725
SRR413586,Contig_27465_5.55119
SRR4305420,Contig_12707_4.25779
SRR4305513,Contig_17748_5.16828
SRR4305513,Contig_2868_4.72614
SRR4305513,Contig_10092_8.03627
SRR4305513,Contig_8758_5.31183
SRR4305513,Contig_6681_6.77368
SRR4305513,Contig_15157_9.61124
SRR4408137,Contig_33581_5.5625
SRR4408137,Contig_9225_9.20795
SRR4408137,Contig_8439_7.37049
SRR4425679,Contig_38943_14.622
SRR4425679,Contig_97982_18.8768
SRR4425686,Contig_127309_7.166
SRR4425686,Contig_185997_29.9776
SRR4425686,Contig_318947_37.5542
SRR4425686,Contig_276837_6.90991
SRR4425704,Contig_83259_17.7135
SRR4425704,Contig_111269_16.0667
SRR4425704,Contig_155756_21.5287
SRR4425704,Contig_63068_4.42157
SRR5040900,Contig_10146_74.2821
SRR5040900,Contig_8412_46.9843
SRR5040900,Contig_8860_6.29268
SRR5040900,Contig_7283_6.0514
SRR5040900,Contig_10650_38.6877
SRR5040900,Contig_4515_28.2295
SRR5040916,Contig_48668_7.47869
SRR5040916,Contig_49775_6.09744
SRR5050591,Contig_15047_45.6966
SRR5050591,Contig_8636_38.936
SRR5050591,Contig_4220_43.379
SRR5050592,Contig_13724_39.7304
SRR5050592,Contig_8724_42.3438
SRR5115394,Contig_403_2.83368
SRR5115394,Contig_49584_3.43164
SRR5115410,Contig_84431_9.23723
SRR5115410,Contig_26848_8.48549
SRR5115410,Contig_81353_9.81211
SRR5115410,Contig_93154_10.3164
SRR5190270,Contig_20631_3.58824
SRR5190270,Contig_101194_4.41568
SRR5190270,Contig_17424_4.08352
SRR5239737,Contig_31539_4.4
SRR5239737,Contig_13203_6.86685
SRR5239737,Contig_19295_68.5357
SRR5239738,Contig_18741_19.1478
SRR5239746,Contig_118856_13.3205
SRR5239746,Contig_121911_11.6163
SRR5239746,Contig_73964_16.4765
SRR5239746,Contig_3873_11.3392
SRR5239746,Contig_129987_8.71922
SRR5239746,Contig_15179_9.50393
SRR5239746,Contig_99203_23.1002
SRR5239747,Contig_5649_4.64214
SRR5239747,Contig_155314_5.03103
SRR5280757,Contig_105133_8.81907
SRR5298198,Contig_39268_49.2303
SRR5298217,Contig_4952_4.19726
SRR5298217,Contig_31060_3.14286
SRR5431714,Contig_383_32.665
SRR5431715,NC_000929.1_5
SRR5431715,NC_027382.1_2
SRR5431716,NC_027382.1_2
SRR5431717,Contig_2300_57.3109
SRR5431717,Contig_2996_66.0334
SRR5431717,Contig_2051_57.983
SRR5431717,Contig_707_57.6484
SRR5431717,Contig_1355_27.4966
SRR5431717,Contig_1995_52.9829
SRR5431717,Contig_1452_33.5247
SRR5630623,Contig_8517_3.34926
SRR5630623,Contig_33120_7.85866
SRR5630640,Contig_69704_9.44241
SRR5630641,Contig_51497_4.92718
SRR5630641,Contig_11559_4.44976
SRR5630641,Contig_47200_3.50643
SRR5630641,Contig_10918_6.14765
SRR5630641,Contig_56929_20.5501
SRR5630641,Contig_18597_4.84191
SRR5644066,Contig_20673_5.17259
SRR5644066,Contig_5925_8.09852
SRR5678987,Contig_149311_11.6358
SRR5678987,Contig_87322_8.61847
SRR5678987,Contig_221216_7.95178
SRR5678987,Contig_57832_7.86047
SRR5678987,Contig_166307_10.8739
SRR5678987,Contig_168523_5.55774
SRR5678987,Contig_188020_5.51622
SRR5678987,Contig_10367_7.01348
SRR5678987,Contig_128022_9.59459
SRR5679025,Contig_44565_10.9205
SRR5679025,Contig_77927_8.27387
SRR5679025,Contig_70922_10.5818
SRR5813251,Contig_117447_3.15508
SRR5813251,Contig_40600_4.00262
SRR5813379,Contig_40233_4.4949
SRR5813380,Contig_118670_5.40107
SRR5831607,Contig_14828_7.59986
SRR5831607,Contig_8233_6.93076
SRR5831607,Contig_8241_9.25872
SRR5831607,Contig_13226_6.16452
SRR5831607,Contig_8392_7.33019
SRR5950493,Contig_7024_4.63033
SRR5950493,Contig_4748_4.47034
SRR5950493,Contig_12490_8.21395
SRR5950565,Contig_271_18.65
SRR5950681,Contig_44353_32.9688
SRR5950681,Contig_7281_27.4654
SRR5950681,Contig_12649_30.3469
SRR5950681,Contig_49560_28.9076
SRR5950681,Contig_22001_34.8288
SRR5950681,Contig_43947_30.4963
SRR5950681,Contig_45527_31.8272
SRR5950776,Contig_1967_3.58945
SRR5950776,Contig_8606_6.04258
SRR5950776,Contig_4701_5.81744
SRR5950776,Contig_7467_3.72052
SRR5950776,Contig_5410_6.76923
SRR5950776,Contig_4073_5.37667
SRR5950776,Contig_7456_7.49004
SRR6030316,Contig_24852_4.82047
SRR6030316,Contig_11806_5.99757
SRR6030316,Contig_24600_4.17588
SRR6030316,Contig_3430_5.3489
SRR6030316,Contig_13574_3.4
SRR6030319,Contig_2400_3.61574
SRR6030319,Contig_16081_2.95669
SRR6030319,Contig_34659_3.12637
SRR6030319,Contig_16907_2.05333
SRR6030347,Contig_4674_4.50817
SRR6030347,Contig_20738_5.50532
SRR6030347,Contig_24439_4.07692
SRR6030379,Contig_5334_4.95487
SRR6030379,Contig_9817_6.08744
SRR6197347,Contig_180_4.17706
SRR6448465,Contig_135539_6.27125
SRR6448465,Contig_80192_4.54143
SRR6448465,Contig_85680_4.61042
SRR6448465,Contig_11287_4.26879
SRR6448465,Contig_55982_4.8674
SRR6448465,Contig_102167_4.79551
SRR6460875,Contig_92748_4.31472
SRR6460881,Contig_165646_6.42935
SRR6460881,Contig_53531_3.92135
SRR6460881,Contig_111308_3.9542
SRR6460881,Contig_50964_4.51713
SRR6915201,Contig_39343_3.09962
SRR6915222,Contig_14905_4.20972
SRR6915222,Contig_32685_5.42891
SRR6915222,Contig_12176_7.29358
SRR6915222,Contig_22708_4.48533
SRR6915222,Contig_1617_4.91497
SRR6915222,Contig_5141_4.67008
SRR6915222,Contig_56307_8.11616
SRR6915222,Contig_63557_6.47471
SRR6915222,Contig_39542_3.83193
SRR6915222,Contig_15688_6.06422
SRR6915222,Contig_6105_4.82381
SRR7039241,Contig_20524_4.89852
SRR7039241,Contig_180711_4.70925
SRR7039241,Contig_164892_4.15814
SRR7039241,Contig_98042_3.06647
SRR7039241,Contig_215400_5.05556
SRR7039241,Contig_69561_6.35294
SRR7039241,Contig_106558_4.80713
SRR7039241,Contig_165872_3.77914
SRR7039241,Contig_201034_4
SRR7039241,Contig_167009_6.80091
SRR7039253,Contig_326993_61.0133
SRR7039253,Contig_36978_57.8367
SRR7039253,Contig_226484_67.5006
SRR7039253,Contig_324520_49.2047
SRR7039253,Contig_315692_61.059
SRR7039253,Contig_223636_72.102
SRR7039253,Contig_261341_64.8163
SRR7039253,Contig_305573_64.6048
SRR7039253,Contig_178810_54.3322
SRR7039253,Contig_247170_62.5415
SRR7182063,Contig_60846_5.7646
SRR7217672,Contig_40649_10.0487
SRR7217672,Contig_990_8.63566
SRR7217672,Contig_9471_11.9537
SRR7217672,Contig_16845_4.88543
SRR7217734,Contig_42985_119.16
SRR7217734,Contig_44060_121.613
SRR7217781,Contig_32695_3.94545
SRR7217781,Contig_10461_3
SRR7217781,Contig_19463_5.15038
SRR7280946,Contig_52242_3.92704
SRR7280946,Contig_12534_4.85052
SRR7280946,Contig_98433_5.70899
SRR7496557,Contig_2237_6.34476
SRR7496557,Contig_1577_5.04715
SRR7892434,Contig_1085_11.2736
SRR918093,Contig_444_7.25506
SRR918093,Contig_823_30.5483
SRR918093,Contig_837_34.3436
SRR918093,Contig_966_33.153
SRR918093,Contig_781_25.6976
SRR918137,Contig_209_69.3217
SRR918137,Contig_81_35.5928
SRR918137,Contig_145_73.9949
SRR918137,Contig_186_73.4748
SRR918137,Contig_113_39.2122
SRR918173,Contig_1136_29.5095
SRR918173,Contig_356_9.51515
SRR918195,Contig_177_31.0203
SRR918195,Contig_420_13.4879
SRR918195,Contig_406_14.9088
SRR918211,Contig_419_30.253
SRR918211,Contig_439_13.4441
SRR918261,Contig_47_64.0528
SRR918261,Contig_324_73.5728
SRR918261,Contig_113_38.3866
SRR918261,Contig_79_35.6189
SRR918261,Contig_317_74.3856
SRR918280,Contig_113_40.5668
SRR918280,Contig_36_67.1459
SRR918280,Contig_83_30.8241
SRR918305,Contig_484_14.7241
SRR918305,Contig_1325_34.4792
SRR918305,Contig_984_12.865
SRR918305,Contig_1093_33.5176
SRR918305,Contig_1115_38.8825
SRR918332,Contig_192_28.5896
SRR918332,Contig_394_70.3528
SRR918332,Contig_568_79.0841
SRR918332,Contig_242_31.7273
SRR918333,Contig_1031_28.7829
SRR918333,Contig_571_17.5873
SRR918333,Contig_334_32.3575
SRR918333,Contig_367_10.6768
SRR918431,Contig_80_36.4235
SRR918431,Contig_115_35.9767
SRR918431,Contig_333_82.8214
SRR918431,Contig_196_86.7793
SRR918431,Contig_69_66.3711
SRR918480,Contig_164_14.2536
SRR918480,Contig_454_12.2378
SRR918539,Contig_238_70.6307
SRR918539,Contig_113_41.0309
SRR918539,Contig_167_84.0608
SRR918539,Contig_214_79.5285
SRR918539,Contig_130_68.5254
SRR918539,Contig_278_82.2652
SRR918539,Contig_88_33.5309
SRR918539,Contig_176_75.6803
SRR918554,Contig_428_26.4529
SRR918554,Contig_413_9.69231
SRR918656,Contig_350_72.2437
SRR918656,Contig_322_71.3388
SRR918656,Contig_86_32.5179
SRR918656,Contig_115_38.8715
SRR918656,Contig_225_71.9382
SRR918656,Contig_199_74.9064
SRR918673,Contig_79_31.8013
SRR918673,Contig_172_70.4312
SRR918673,Contig_38_66.3255
SRR918673,Contig_177_72.5866
SRR918673,Contig_100_32.8745
